{
  "split": "train<=2009, blend 2010-2012, test 2013-2023",
  "baseline_v4_r2": 0.2269,
  "tree_huber": {
    "r2": 0.23086099325632292,
    "spearman": 0.48748872039066155,
    "per_crop": {
      "barley": {
        "r2": 0.3051600423226817,
        "spearman": 0.5112029702771386,
        "n_test": 1242
      },
      "corn": {
        "r2": 0.1684764399476919,
        "spearman": 0.4438656407674316,
        "n_test": 16535
      },
      "cotton": {
        "r2": 0.019165238078387437,
        "spearman": 0.41452348092642793,
        "n_test": 3352
      },
      "oats": {
        "r2": 0.18192183257904537,
        "spearman": 0.478263921582208,
        "n_test": 3185
      },
      "sorghum": {
        "r2": 0.21901324739982742,
        "spearman": 0.509662170574011,
        "n_test": 1731
      },
      "soybeans": {
        "r2": 0.29971456890249126,
        "spearman": 0.5258235300063151,
        "n_test": 14384
      },
      "wheat_spring": {
        "r2": 0.34457570416211203,
        "spearman": 0.5939216218915467,
        "n_test": 1822
      },
      "wheat_winter": {
        "r2": 0.2097916316475682,
        "spearman": 0.47969647146939226,
        "n_test": 10143
      }
    }
  },
  "mlp_sequence": {
    "r2": 0.12289110639775158,
    "spearman": 0.44184348389970846,
    "per_crop": {
      "barley": {
        "r2": 0.1397459933035331,
        "spearman": 0.4054336590159735,
        "n_test": 1242
      },
      "corn": {
        "r2": 0.10186976500775835,
        "spearman": 0.40638131068273586,
        "n_test": 16535
      },
      "cotton": {
        "r2": -0.20179118519422046,
        "spearman": 0.33949629422642663,
        "n_test": 3352
      },
      "oats": {
        "r2": -0.016238236571501252,
        "spearman": 0.43729373830515134,
        "n_test": 3185
      },
      "sorghum": {
        "r2": 0.08671646735203864,
        "spearman": 0.44521603138439975,
        "n_test": 1731
      },
      "soybeans": {
        "r2": 0.20048354865125717,
        "spearman": 0.48181663805721997,
        "n_test": 14384
      },
      "wheat_spring": {
        "r2": 0.09113521664160418,
        "spearman": 0.5220852057253071,
        "n_test": 1822
      },
      "wheat_winter": {
        "r2": 0.10931173592399634,
        "spearman": 0.41406019844677405,
        "n_test": 10143
      }
    }
  },
  "stack": {
    "r2": 0.23519522362849166,
    "spearman": 0.49053100043859127,
    "weights": [
      0.6719516937872745,
      0.3280483062127254
    ],
    "per_crop": {
      "barley": {
        "r2": 0.29725185045494484,
        "spearman": 0.49496975735605303,
        "n_test": 1242
      },
      "corn": {
        "r2": 0.1816076850304511,
        "spearman": 0.44758533787148574,
        "n_test": 16535
      },
      "cotton": {
        "r2": 0.004064002937615663,
        "spearman": 0.4149447470666981,
        "n_test": 3352
      },
      "oats": {
        "r2": 0.15907616372708122,
        "spearman": 0.48799396104535614,
        "n_test": 3185
      },
      "sorghum": {
        "r2": 0.2170700888723628,
        "spearman": 0.5113501088426342,
        "n_test": 1731
      },
      "soybeans": {
        "r2": 0.3111485524842892,
        "spearman": 0.5367298293467341,
        "n_test": 14384
      },
      "wheat_spring": {
        "r2": 0.31817437677458604,
        "spearman": 0.5907006320551457,
        "n_test": 1822
      },
      "wheat_winter": {
        "r2": 0.21339059692346862,
        "spearman": 0.4822134560420455,
        "n_test": 10143
      }
    }
  }
}