{
  "split": "train<=2012, test 2013-2023",
  "cells": {
    "AGG_Z": {
      "overall_r2_on_z": 0.08955260888297523,
      "overall_r2_on_pct": 0.20334336198685388,
      "spearman_on_pct": 0.6152998207759222,
      "per_crop": {
        "barley": {
          "r2_on_z": 0.2025361798519304,
          "r2_on_pct": 0.2902635966625374,
          "n": 1242
        },
        "corn": {
          "r2_on_z": 0.03330124488235697,
          "r2_on_pct": 0.08508179466842147,
          "n": 16530
        },
        "cotton": {
          "r2_on_z": -0.31666179724573995,
          "r2_on_pct": 0.09564633223006225,
          "n": 3340
        },
        "oats": {
          "r2_on_z": 0.21913284146715983,
          "r2_on_pct": 0.29574745682989223,
          "n": 3185
        },
        "sorghum": {
          "r2_on_z": 0.10792765829072704,
          "r2_on_pct": 0.090276669189996,
          "n": 1731
        },
        "soybeans": {
          "r2_on_z": -0.08301897511816936,
          "r2_on_pct": 0.2199719721543658,
          "n": 14287
        },
        "wheat_spring": {
          "r2_on_z": 0.23281963767494762,
          "r2_on_pct": 0.17870101561316787,
          "n": 1822
        },
        "wheat_winter": {
          "r2_on_z": 0.0761201154699872,
          "r2_on_pct": 0.12340957279754405,
          "n": 10143
        }
      }
    },
    "AGG_PCT": {
      "overall_r2_on_z": 0.15716779320549346,
      "overall_r2_on_pct": 0.3820514839027408,
      "spearman_on_pct": 0.6065304439767963,
      "per_crop": {
        "barley": {
          "r2_on_z": 0.2790155617811325,
          "r2_on_pct": 0.39000690908920765,
          "n": 1242
        },
        "corn": {
          "r2_on_z": 0.07205872748509934,
          "r2_on_pct": 0.3372790578500309,
          "n": 16530
        },
        "cotton": {
          "r2_on_z": -0.42658695811329683,
          "r2_on_pct": 0.15037701810157933,
          "n": 3340
        },
        "oats": {
          "r2_on_z": 0.16554279208978606,
          "r2_on_pct": 0.3259832188151661,
          "n": 3185
        },
        "sorghum": {
          "r2_on_z": 0.21598833849753363,
          "r2_on_pct": 0.24907523259704478,
          "n": 1731
        },
        "soybeans": {
          "r2_on_z": 0.08065070963785304,
          "r2_on_pct": 0.3599546724141778,
          "n": 14287
        },
        "wheat_spring": {
          "r2_on_z": 0.19996000386210755,
          "r2_on_pct": 0.29221073476537973,
          "n": 1822
        },
        "wheat_winter": {
          "r2_on_z": 0.21867319204443425,
          "r2_on_pct": 0.23435942551543665,
          "n": 10143
        }
      }
    },
    "SPEC_Z": {
      "overall_r2_on_z": 0.14022724132809716,
      "overall_r2_on_pct": 0.2375131507166962,
      "spearman_on_pct": 0.6446098365925775,
      "per_crop": {
        "barley": {
          "r2_on_z": 0.1797034826133168,
          "r2_on_pct": 0.2886974742480368,
          "n": 1242
        },
        "corn": {
          "r2_on_z": 0.12390065504038528,
          "r2_on_pct": 0.1325801601225386,
          "n": 16530
        },
        "cotton": {
          "r2_on_z": -0.27167170887766257,
          "r2_on_pct": 0.06976507325513082,
          "n": 3340
        },
        "oats": {
          "r2_on_z": 0.1367745168658967,
          "r2_on_pct": 0.19509215024779591,
          "n": 3185
        },
        "sorghum": {
          "r2_on_z": 0.24128249742779717,
          "r2_on_pct": 0.20049168968159614,
          "n": 1731
        },
        "soybeans": {
          "r2_on_z": -0.02365584493906825,
          "r2_on_pct": 0.27053689855574214,
          "n": 14287
        },
        "wheat_spring": {
          "r2_on_z": 0.09743302960767863,
          "r2_on_pct": 0.09023683939219107,
          "n": 1822
        },
        "wheat_winter": {
          "r2_on_z": 0.16175183994765419,
          "r2_on_pct": 0.18250051045159332,
          "n": 10143
        }
      }
    },
    "SPEC_PCT": {
      "overall_r2_on_z": 0.22034318643800876,
      "overall_r2_on_pct": 0.4073645290977085,
      "spearman_on_pct": 0.6433482104269893,
      "per_crop": {
        "barley": {
          "r2_on_z": 0.40738030576394946,
          "r2_on_pct": 0.4873600382492984,
          "n": 1242
        },
        "corn": {
          "r2_on_z": 0.12413114009980097,
          "r2_on_pct": 0.35069191261511035,
          "n": 16530
        },
        "cotton": {
          "r2_on_z": -0.3884584626231884,
          "r2_on_pct": 0.16387026807902605,
          "n": 3340
        },
        "oats": {
          "r2_on_z": 0.18886639996780552,
          "r2_on_pct": 0.33035882189917753,
          "n": 3185
        },
        "sorghum": {
          "r2_on_z": 0.25529719726714006,
          "r2_on_pct": 0.284723916956111,
          "n": 1731
        },
        "soybeans": {
          "r2_on_z": 0.15123372268185498,
          "r2_on_pct": 0.40612563738587815,
          "n": 14287
        },
        "wheat_spring": {
          "r2_on_z": 0.33967375755873197,
          "r2_on_pct": 0.4091592118616795,
          "n": 1822
        },
        "wheat_winter": {
          "r2_on_z": 0.3159571530976151,
          "r2_on_pct": 0.3144890593737394,
          "n": 10143
        }
      }
    }
  },
  "decomposition": {
    "note": "does the spectrum help on the CONSERVATIVE z-scale too? if yes, the feature gain is real skill, not metric choice",
    "AGG_Z_r2_on_z": 0.08955260888297523,
    "SPEC_Z_r2_on_z": 0.14022724132809716,
    "feature_gain_on_z_scale": 0.05067463244512194,
    "feature_gain_on_pct_scale": 0.025313045194967687,
    "target_gain_on_pct_scale": 0.17870812191588692
  }
}