{
  "point_estimate_B": 52.373070784594795,
  "ci_idiosyncratic_only": [
    48.6133049380939,
    56.320454711183395
  ],
  "ci_plus_spatial": [
    43.14891477907006,
    63.636768091503846
  ],
  "ci_full": [
    37.432517366626826,
    77.24427067322648
  ],
  "sig_idio": 0.7,
  "sig_spatial": 0.3,
  "n_draws": 2000,
  "n_stranded_counties": 1674
}