{
  "Population decline": {
    "marginal_pp": 1.6854483096521318,
    "se_pp": 4.566966886247934,
    "p": 0.7120889582366172
  },
  "Income decline": {
    "marginal_pp": -4.096031357177852,
    "se_pp": 4.01269426512527,
    "p": 0.30736419659446734
  },
  "Out-migration": {
    "marginal_pp": -8.430216487131928e-15,
    "se_pp": 3.1786059933594448e-15,
    "p": 0.007997529251621227
  },
  "School decline": {
    "marginal_pp": -0.8329250367467025,
    "se_pp": 4.802681764651038,
    "p": 0.8623141105050038
  },
  "Hospital closure": {
    "marginal_pp": 0.02449779519843407,
    "se_pp": 2.0038371560935286,
    "p": 0.9902457514533025
  }
}