{
  "SSP245_window10": {
    "frozen": {
      "total_B": 6.565271315856741,
      "xsub_B": 2.5645260792472437
    },
    "roll": {
      "total_B": 4.587438711448031,
      "xsub_B": 2.2195940571634747
    },
    "tay": {
      "total_B": 3.737551895518533,
      "xsub_B": 1.7845073830210472
    }
  },
  "window_sensitivity": {
    "4": {
      "residual_tay_B": 3.253657983457832,
      "rolling_B": 3.46313497999792,
      "xsub_B": 0.6025328744457931
    },
    "7": {
      "residual_tay_B": 3.039505264412127,
      "rolling_B": 4.148762374836413,
      "xsub_B": 1.197789230277977
    },
    "10": {
      "residual_tay_B": 3.737551895518533,
      "rolling_B": 4.587438711448031,
      "xsub_B": 1.7845073830210472
    }
  },
  "yield_exclusion": {
    "residual_with_YE_B": 3.8084912390886907,
    "residual_no_YE_B": 3.737551895518533
  },
  "SSP370_window10": {
    "frozen": {
      "total_B": 6.415299023769362,
      "xsub_B": 2.376495918784917
    },
    "roll": {
      "total_B": 3.7428413346623506,
      "xsub_B": 1.0419190994477086
    },
    "tay": {
      "total_B": 2.7490823657534635,
      "xsub_B": 0.6504379262199108
    }
  }
}