{
  "Original (dT2040 + pop + inc + stateFE)": {
    "beta": 0.018136421191326198,
    "p": 0.0031597041558302135,
    "n": 2991
  },
  "+ soil + baseline value": {
    "beta": 0.0055661094193428,
    "p": 0.36710266928093094,
    "n": 2991
  },
  "2050 warming horizon": {
    "beta": 0.007400184790028854,
    "p": 0.16756823588109426,
    "n": 2991
  },
  "Cropland counties only (acres>median)": {
    "beta": 0.028351677861329427,
    "p": 2.34596267187755e-05,
    "n": 1428
  }
}