{
  "beta": 0.05579072764974142,
  "se": 0.02101343561009619,
  "p": 0.00793077808092435,
  "first_stage_F": 18.276648657058416,
  "n": 8395,
  "n_instruments": 4,
  "hansen_J": 4.587286450518672,
  "hansen_p": 0.2046354310021996,
  "ci95": [
    0.014604393853952888,
    0.09697706144552995
  ]
}