{
  "3yr_full": {
    "beta": 0.023767208207383997,
    "se": 0.008545196887218933,
    "p": 0.005413285556874481,
    "first_stage_F": 77.96774314161505,
    "n": 3924,
    "n_cty": 429,
    "ci95": [
      0.007018622308434887,
      0.0405157941063331
    ]
  },
  "3yr_high": {
    "beta": 0.05708898955034429,
    "se": 0.028514897416619556,
    "p": 0.04527656663245461,
    "first_stage_F": 18.22427178955289,
    "n": 1303,
    "n_cty": 135,
    "ci95": [
      0.0011997906137699646,
      0.11297818848691862
    ]
  },
  "5yr_full": {
    "beta": 0.04910981821724661,
    "se": 0.014887445340750092,
    "p": 0.000971196620446424,
    "first_stage_F": 60.05278251207402,
    "n": 3191,
    "n_cty": 429,
    "ci95": [
      0.01993042534937643,
      0.07828921108511679
    ]
  },
  "5yr_high": {
    "beta": 0.13163965909509495,
    "se": 0.06252631658704962,
    "p": 0.03526102180304447,
    "first_stage_F": 11.518196047317977,
    "n": 1058,
    "n_cty": 135,
    "ci95": [
      0.009088078584477702,
      0.2541912396057122
    ]
  },
  "6yr_full": {
    "beta": 0.045052328477333245,
    "se": 0.014649203948600786,
    "p": 0.002102123908419795,
    "first_stage_F": 70.41752422077037,
    "n": 2808,
    "n_cty": 429,
    "ci95": [
      0.016339888738075705,
      0.07376476821659078
    ]
  },
  "6yr_high": {
    "beta": 0.08059771199179847,
    "se": 0.03360178252464211,
    "p": 0.016457244800759385,
    "first_stage_F": 28.855299879692346,
    "n": 926,
    "n_cty": 135,
    "ci95": [
      0.014738218243499926,
      0.14645720574009702
    ]
  }
}