{
  "beta": 0.04910981821724661,
  "boot_se": 0.017270722481361772,
  "boot_p": 0.023372287145241977,
  "B": 599
}