{
  "scaling_factor_pop_per_primeage": 3.0862716562570927,
  "beta_pa": 0.04910981821724661,
  "beta_tot": 0.04432951275333431,
  "p_tot": 0.00017795902972506106,
  "ratio_tot_pa": 0.9026609008657758
}