{
  "primeage_panelFE_farmdep": {
    "beta": 0.023767208207383997,
    "se": 0.008545196887218933,
    "p": 0.005413285556874481,
    "first_stage_F": 77.96774314161505,
    "n": 3924,
    "n_cty": 429,
    "ci95": [
      0.007018622308434887,
      0.0405157941063331
    ]
  },
  "primeage_panelFE_high_intensity": {
    "beta": 0.05708898955034429,
    "se": 0.028514897416619556,
    "p": 0.04527656663245461,
    "first_stage_F": 18.22427178955289,
    "n": 1303,
    "n_cty": 135,
    "ci95": [
      0.0011997906137699646,
      0.11297818848691862
    ]
  },
  "primeage_panelFE_placebo_low": {
    "beta": -0.007853742434176173,
    "se": 0.008390272098536355,
    "p": 0.3492457121323027,
    "first_stage_F": 41.48652991471202,
    "n": 1314,
    "n_cty": 154,
    "ci95": [
      -0.02429867574730743,
      0.008591190878955083
    ]
  },
  "interp": "sustained 10% farm-income decline -> -0.57% 3yr prime-age growth (high-intensity)"
}