{
  "longdiff_farmdep_all": {
    "beta": -0.025797602840284352,
    "se": 0.03513735959350606,
    "p": 0.46283112976202445,
    "first_stage_F": 39.8372338714045,
    "partial_r2": 0.08588623543415035,
    "n": 427,
    "ci95": [
      -0.09466682764355622,
      0.04307162196298752
    ]
  },
  "longdiff_high_intensity": {
    "beta": -0.09100249273375245,
    "se": 0.14858942617874168,
    "p": 0.540244971923624,
    "first_stage_F": 16.1446210831641,
    "partial_r2": 0.07107639620157719,
    "n": 214,
    "ci95": [
      -0.38223776804408616,
      0.20023278257658128
    ]
  },
  "placebo_nonfarm": {
    "beta": -0.015082190431195974,
    "se": 0.03221929022070015,
    "p": 0.6397055181253459,
    "first_stage_F": 14.12286753697787,
    "partial_r2": 0.007413100633890613,
    "n": 1894,
    "ci95": [
      -0.07823199926376827,
      0.048067618401376314
    ]
  }
}