{
  "primeage_longdiff_farmdep": {
    "beta": -0.026395905121948306,
    "se": 0.021717384059583872,
    "p": 0.2242030969276052,
    "first_stage_F": 33.65534035542021,
    "partial_r2": 0.07321864318903992,
    "n": 429,
    "ci95": [
      -0.06896197787873269,
      0.016170167634836082
    ]
  },
  "primeage_longdiff_high_intensity": {
    "beta": 0.04734740940360925,
    "se": 0.045029913092168354,
    "p": 0.2930447515695531,
    "first_stage_F": 17.279753141640253,
    "partial_r2": 0.07536536874656123,
    "n": 215,
    "ci95": [
      -0.04091122025704072,
      0.13560603906425922
    ]
  },
  "primeage_placebo_nonfarm": {
    "beta": -0.003374831435196732,
    "se": 0.0041398743297108315,
    "p": 0.4149570247817391,
    "first_stage_F": 10.921736097847123,
    "partial_r2": 0.005691600596518661,
    "n": 1911,
    "ci95": [
      -0.01148898512142996,
      0.004739322251036497
    ]
  },
  "interpretation": "A sustained 10%% farm-income decline -> +0.26%% prime-age population over 2010-2019"
}