{
  "anderson_rubin_95_ci": [
    0.020000000000000004,
    0.09499999999999999
  ],
  "ar_excludes_zero": true,
  "alt_outcome_in_mig": {
    "beta": 0.003835367725448185,
    "se": 0.010348871702473166,
    "p": 0.7109300206246139,
    "first_stage_F": 110.95576104770535,
    "partial_r2": 0.01097056025052372,
    "n": 10005,
    "n_counties": 750
  }
}