{
  "precovid_farmdep": {
    "beta": 0.019687265503904566,
    "se": 0.009516098800772595,
    "p": 0.038561304101069505,
    "first_stage_F": 70.41752422077037,
    "n": 2808,
    "n_cty": 429,
    "ci95": [
      0.0010357118543902824,
      0.03833881915341885
    ]
  },
  "precovid_high": {
    "beta": 0.03703034463260341,
    "se": 0.016872267992439245,
    "p": 0.028181814738105215,
    "first_stage_F": 29.830444222159862,
    "n": 940,
    "n_cty": 137,
    "ci95": [
      0.003960699367422486,
      0.07009998989778432
    ]
  }
}