{
  "twoway_beta": 0.04910981821724661,
  "twoway_p": 0.11098159946087938,
  "nonoverlap_beta": 0.059492883892801295,
  "nonoverlap_p": 0.012268454383931537
}