{
  "no": {
    "barley": 0.7861376690585559,
    "corn": 0.411133863245873,
    "cotton": 0.5861797756557157,
    "oats": 0.4386695412389774,
    "sorghum": 0.6005810602735859,
    "soybeans": 0.6907424807819884,
    "wheat_spring": 0.7305949224033783,
    "wheat_winter": 0.7323196457721761
  },
  "with": {
    "barley": 0.7874227199056427,
    "corn": 0.43575315494870936,
    "cotton": 0.5816060508785068,
    "oats": 0.44983776560470734,
    "sorghum": 0.600856026823605,
    "soybeans": 0.7029426491395399,
    "wheat_spring": 0.737246064494128,
    "wheat_winter": 0.7328314566407261
  },
  "summary": {
    "no_ssurgo": {
      "corn": 0.411133863245873,
      "oats": 0.4386695412389774,
      "n_ge_0.5": 