{
  "fiscal_longdiff_beta": 0.06925821389301073,
  "fiscal_longdiff_p": 1.2066067583971218e-05,
  "n": 419
}