{
  "pooled_base": -0.03290012958504129,
  "pooled_hybrid": -0.030686038035953267,
  "percrop_base": {
    "barley": 0.13660220730568184,
    "corn": -0.25083928607339057,
    "cotton": -0.2438021563947288,
    "oats": 0.09619877266261256,
    "sorghum": 0.1605944319648992,
    "soybeans": 0.05988239103792259,
    "wheat_spring": 0.1381809774831999,
    "wheat_winter": 0.06469184082581902
  },
  "percrop_hybrid": {
    "barley": 0.11776187724185128,
    "corn": -0.24566034573125406,
    "cotton": -0.23662397136986058,
    "oats": 0.09811638199242223,
    "sorghum": 0.15394240279163207,
    "soybeans": 0.04916346929586246,
    "wheat_spring": 0.13280819635109176,
    "wheat_winter": 0.07079360965869153
  }
}