{
  "within_crop": {
    "barley": 0.7823002344637877,
    "corn": 0.38482933753263104,
    "cotton": 0.3599078928098124,
    "oats": 0.4707383907824281,
    "sorghum": 0.5472807677838348,
    "soybeans": 0.5776844229817902,
    "wheat_spring": 0.7673699510467386,
    "wheat_winter": 0.7499885174738997
  },
  "pooled": 0.9250973152245647,
  "median_within": 0.5624825953828125
}