{
  "overall": {
    "r2": 0.3519222284693052,
    "spearman": 0.6175440546022469
  },
  "per_crop": {
    "barley": {
      "r2": 0.41676445758408087,
      "spearman": 0.64273416830295
    },
    "corn": {
      "r2": 0.2956923110670827,
      "spearman": 0.6195368778815626
    },
    "cotton": {
      "r2": 0.07600030998509111,
      "spearman": 0.4725152546467078
    },
    "oats": {
      "r2": 0.27096177020433954,
      "spearman": 0.547891837987729
    },
    "sorghum": {
      "r2": 0.28061045498285053,
      "spearman": 0.5516554380256697
    },
    "soybeans": {
      "r2": 0.2979771081948238,
      "spearman": 0.5527658517850524
    },
    "wheat_spring": {
      "r2": 0.3613061969225245,
      "spearman": 0.6403922160073832
    },
    "wheat_winter": {
      "r2": 0.2647699937169221,
      "spearman": 0.5420866097876788
    }
  },
  "note": "aggregate features, same %-dev target as v7"
}