{
  "clip100": 0.38841221537776494,
  "clip50": 0.4114684205353144,
  "winsor": 0.38157767306311763,
  "drop_lowtrend": -1.4611442420806222,
  "noclip": -14.53789078026444
}