{
  "barley": 0.8008593639572396,
  "corn": 0.4903031594665498,
  "cotton": 0.5595826530075623,
  "oats": 0.5385265710881201,
  "sorghum": 0.6177673341724044,
  "soybeans": 0.7337203395318264,
  "wheat_spring": 0.7826686850689244,
  "wheat_winter": 0.7509468873432408
}