{
  "barley": 0.8056982574875864,
  "corn": 0.496899007639208,
  "cotton": 0.5590283682212472,
  "oats": 0.5401313092686153,
  "sorghum": 0.6161339791356667,
  "soybeans": 0.7356410315870539,
  "wheat_spring": 0.7715882630969463,
  "wheat_winter": 0.7597230215430845
}