{
  "r2": 0.22685242761156854,
  "spearman": 0.48559969156881205,
  "n_features": 60,
  "per_crop": {
    "barley": {
      "r2": 0.25854765729498463,
      "spearman": 0.506981650192375
    },
    "corn": {
      "r2": 0.1736628252004283,
      "spearman": 0.43991920948533536
    },
    "cotton": {
      "r2": -0.03654436244479431,
      "spearman": 0.376548252474068
    },
    "oats": {
      "r2": 0.232710203156261,
      "spearman": 0.48145322811510904
    },
    "sorghum": {
      "r2": 0.23169539695428076,
      "spearman": 0.4950619252804321
    },
    "soybeans": {
      "r2": 0.25702141540312706,
      "spearman": 0.5139176629141047
    },
    "wheat_spring": {
      "r2": 0.32665078270206593,
      "spearman": 0.584140060259341
    },
    "wheat_winter": {
      "r2": 0.2353359418216191,
      "spearman": 0.46701569868797665
    }
  },
  "vs_v3_r2": 0.00845242761156853,
  "added": [
    "kdd34_growing",
    "dtr_growing_anom",
    "precip_jul_anom",
    "precip_aug_anom",
    "vpd_aug"
  ]
}