{
  "single_year_pooled": 0.3850236074120219,
  "percrop": {
    "barley": 0.4755824549305748,
    "corn": 0.3145330654978129,
    "cotton": 0.1333518382403026,
    "oats": 0.3099384933445565,
    "sorghum": 0.28873494108081943,
    "soybeans": 0.3967956780170431,
    "wheat_spring": 0.42962403899324975,
    "wheat_winter": 0.32329997121398113
  },
  "multiyear_signal_R2": 0.4205257152573777,
  "multiyear_spearman": 0.7462298426854285
}