{
  "levels": {
    "overall": {
      "r2": 0.9483518894190367,
      "spearman": 0.906900091576762,
      "n_above_0.5": 6,
      "n_crops": 8,
      "median_r2": 0.6429347456943888
    },
    "per_crop": {
      "barley": {
        "r2": 0.7844126039961489,
        "spearman": 0.8463365505643884
      },
      "corn": {
        "r2": 0.4048315359329354,
        "spearman": 0.7484359304280439
      },
      "cotton": {
        "r2": 0.5909196338416332,
        "spearman": 0.731401439190072
      },
      "oats": {
        "r2": 0.4439281785538668,
        "spearman": 0.6846520189487401
      },
      "sorghum": {
        "r2": 0.5902795424430012,
        "spearman": 0.7567119193172659
      },
      "soybeans": {
        "r2": 0.6949498575471444,
        "spearman": 0.8762880986857979
      },
      "wheat_spring": {
        "r2": 0.7243006581307282,
        "spearman": 0.7560605452199265
      },
      "wheat_winter": {
        "r2": 0.7316093455028159,
        "spearman": 0.8569002761374411
      }
    }
  },
  "pct_dev": {
    "overall": {
      "r2": 0.40704663073253544,
      "spearman": 0.6385605446276131,
      "n_above_0.5": 0,
      "n_crops": 8,
      "median_r2": 0.33954260688714283
    },
    "per_crop": {
      "barley": {
        "r2": 0.48335458514702967,
        "spearman": 0.6785386612088075
      },
      "corn": {
        "r2": 0.35486917136171015,
        "spearman": 0.6214116857789531
      },
      "cotton": {
        "r2": 0.13034198414884912,
        "spearman": 0.49068297999705296
      },
      "oats": {
        "r2": 0.3242160424125755,
        "spearman": 0.5664315557096753
      },
      "sorghum": {
        "r2": 0.31017419699845694,
        "spearman": 0.5500315392512471
      },
      "soybeans": {
        "r2": 0.4023440571733752,
        "spearman": 0.6226359009994759
      },
      "wheat_spring": {
        "r2": 0.40182193152585277,
        "spearman": 0.6328928329815452
      },
      "wheat_winter": {
        "r2": 0.3062029630193609,
        "spearman": 0.5290214858539205
      }
    }
  },
  "irrigation_feature": true
}