{
  "seed": 42,
  "split": "train<=2012, test 2013-2023",
  "new_features": [
    "vpd_growing",
    "vpd_july",
    "edd30_growing",
    "heat_days_proxy",
    "sm_stress",
    "sm_stress_july",
    "vpd_x_sm"
  ],
  "delta_r2": 0.04265180136026703,
  "delta_spearman": 0.03987728200775165,
  "results": {
    "baseline": {
      "n_features": 36,
      "blend_weights": [
        1.0,
        0.0,
        0.0
      ],
      "overall": {
        "label": "baseline",
        "r2": 0.17578580291644574,
        "spearman": 0.42600702015352354,
        "rmse": 0.9474870104482974,
        "n": 52394
      },
      "per_crop": {
        "barley": {
          "label": "barley",
          "r2": 0.23823853188967825,
          "spearman": 0.4993587386769045,
          "rmse": 0.9208676661812606,
          "n": 1242
        },
        "corn": {
          "label": "corn",
          "r2": 0.1276547650141835,
          "spearman": 0.39718098847655087,
          "rmse": 0.9579678008762027,
          "n": 16535
        },
        "cotton": {
          "label": "cotton",
          "r2": 0.002433214860202537,
          "spearman": 0.36970324308094854,
          "rmse": 0.8451671430986852,
          "n": 3352
        },
        "oats": {
          "label": "oats",
          "r2": 0.20131506476039396,
          "spearman": 0.4513997977422851,
          "rmse": 0.9988696185849082,
          "n": 3185
        },
        "sorghum": {
          "label": "sorghum",
          "r2": 0.17565350933509738,
          "spearman": 0.4508133693260127,
          "rmse": 0.8443900024094155,
          "n": 1731
        },
        "soybeans": {
          "label": "soybeans",
          "r2": 0.1709229000431176,
          "spearman": 0.38470141325403134,
          "rmse": 0.9215962561807245,
          "n": 14384
        },
        "wheat_spring": {
          "label": "wheat_spring",
          "r2": 0.2744133445298732,
          "spearman": 0.5512075584149458,
          "rmse": 0.9043921280044046,
          "n": 1822
        },
        "wheat_winter": {
          "label": "wheat_winter",
          "r2": 0.1884639434717129,
          "spearman": 0.4243157132958286,
          "rmse": 1.0074558922691528,
          "n": 10143
        }
      }
    },
    "augmented": {
      "n_features": 50,
      "blend_weights": [
        1.0,
        0.0,
        0.0
      ],
      "overall": {
        "label": "augmented",
        "r2": 0.21843760427671277,
        "spearman": 0.4658843021612752,
        "rmse": 0.9226458804261958,
        "n": 52394
      },
      "per_crop": {
        "barley": {
          "label": "barley",
          "r2": 0.26646224774162486,
          "spearman": 0.517925429214064,
          "rmse": 0.9036473069697872,
          "n": 1242
        },
        "corn": {
          "label": "corn",
          "r2": 0.16909852398398661,
          "spearman": 0.4255784023976071,
          "rmse": 0.934935134063202,
          "n": 16535
        },
        "cotton": {
          "label": "cotton",
          "r2": 0.023041727890371955,
          "spearman": 0.39689783905441856,
          "rmse": 0.8363915220053673,
          "n": 3352
        },
        "oats": {
          "label": "oats",
          "r2": 0.22824932496080064,
          "spearman": 0.4798115198680374,
          "rmse": 0.9818826057862982,
          "n": 3185
        },
        "sorghum": {
          "label": "sorghum",
          "r2": 0.22838269021860524,
          "spearman": 0.4879644077911008,
          "rmse": 0.8169381296392803,
          "n": 1731
        },
        "soybeans": {
          "label": "soybeans",
          "r2": 0.23992041768178585,
          "spearman": 0.46460994602222266,
          "rmse": 0.8824147831376802,
          "n": 14384
        },
        "wheat_spring": {
          "label": "wheat_spring",
          "r2": 0.31065369294523804,
          "spearman": 0.5682018542806436,
          "rmse": 0.8815173342938996,
          "n": 1822
        },
        "wheat_winter": {
          "label": "wheat_winter",
          "r2": 0.21584758122514047,
          "spearman": 0.44520774199124286,
          "rmse": 0.9903127586807916,
          "n": 10143
        }
      }
    }
  }
}