{
  "0.75": {
    "residual_B": 3.1157588539738694,
    "transfer_B": 1.529720033290191
  },
  "1.0": {
    "residual_B": 3.7375518955185316,
    "transfer_B": 1.7845073830210467
  },
  "1.25": {
    "residual_B": 4.197749816961536,
    "transfer_B": 1.879669452534051
  }
}