{
  "per_crop": {
    "barley": {
      "levels_r2": 0.7077020184490355,
      "spearman": 0.7869204784022327,
      "rmse": 15.344121431832916,
      "n": 1242
    },
    "corn": {
      "levels_r2": 0.2994295861309031,
      "spearman": 0.7135733043843907,
      "rmse": 42.23828737435434,
      "n": 16535
    },
    "cotton": {
      "levels_r2": 0.5242990004260152,
      "spearman": 0.6757827054231533,
      "rmse": 185.7859697444339,
      "n": 3352
    },
    "oats": {
      "levels_r2": 0.36854354661606215,
      "spearman": 0.6012401660923763,
      "rmse": 13.865374610817195,
      "n": 3185
    },
    "sorghum": {
      "levels_r2": 0.5366446591273961,
      "spearman": 0.7236511942529559,
      "rmse": 16.384532582045853,
      "n": 1731
    },
    "soybeans": {
      "levels_r2": 0.5946975161821928,
      "spearman": 0.8376191359209818,
      "rmse": 6.868412068648698,
      "n": 14384
    },
    "wheat_spring": {
      "levels_r2": 0.6936315164949132,
      "spearman": 0.7473001857359912,
      "rmse": 12.295660312858812,
      "n": 1822
    },
    "wheat_winter": {
      "levels_r2": 0.6592101441238041,
      "spearman": 0.8236334206002596,
      "rmse": 11.93122809056422,
      "n": 10143
    }
  },
  "n_crops_above_0.5": 6,
  "n_crops": 8,
  "median_levels_r2": 0.5656710876547945
}