{
  "overall": {
    "r2": 0.4073645290977085,
    "spearman": 0.6433482104269893,
    "n": 52280
  },
  "per_crop": {
    "barley": {
      "r2": 0.4873600382492984,
      "spearman": 0.6773186325846976,
      "n": 1242
    },
    "corn": {
      "r2": 0.35069191261511035,
      "spearman": 0.6203727578120255,
      "n": 16530
    },
    "cotton": {
      "r2": 0.16387026807902605,
      "spearman": 0.48323144028029086,
      "n": 3340
    },
    "oats": {
      "r2": 0.33035882189917753,
      "spearman": 0.5625566779796476,
      "n": 3185
    },
    "sorghum": {
      "r2": 0.284723916956111,
      "spearman": 0.5524378455014036,
      "n": 1731
    },
    "soybeans": {
      "r2": 0.40612563738587815,
      "spearman": 0.6276799160643891,
      "n": 14287
    },
    "wheat_spring": {
      "r2": 0.4091592118616795,
      "spearman": 0.6439273941578163,
      "n": 1822
    },
    "wheat_winter": {
      "r2": 0.3144890593737394,
      "spearman": 0.5409649538881851,
      "n": 10143
    }
  },
  "target": "pct_deviation_from_trend",
  "n_features": 60
}