{
  "base": {
    "barley": 0.48681085527750967,
    "corn": 0.3212570864125808,
    "cotton": 0.15504491047482372,
    "oats": 0.33027530102388625,
    "sorghum": 0.30926867803802816,
    "soybeans": 0.39206851255369635,
    "wheat_spring": 0.4302431398561478,
    "wheat_winter": 0.34003838468541037
  },
  "new": {
    "barley": 0.48399476463585067,
    "corn": 0.32292825442096995,
    "cotton": 0.14415687347370298,
    "oats": 0.3362865083933705,
    "sorghum": 0.30914495766029204,
    "soybeans": 0.39441611042596225,
    "wheat_spring": 0.4365100374123305,
    "wheat_winter": 0.3395783461148746
  },
  "pooled_base": 0.39221245579506936,
  "pooled_new": 0.39304448117710755
}