{
  "barley": 0.7756854231212604,
  "corn": 0.4129797836899468,
  "cotton": 0.5542476849024365,
  "oats": 0.42495365437135557,
  "sorghum": 0.5548983048266312,
  "soybeans": 0.7006181534845528,
  "wheat_spring": 0.7372138239556352,
  "wheat_winter": 0.7290553196018219
}