{
  "anomaly_gbm": {
    "barley": 0.4704482395834174,
    "corn": 0.3170297399082992,
    "cotton": 0.13634800625741872,
    "oats": 0.32615057262500546,
    "sorghum": 0.281911237894927,
    "soybeans": 0.3987720917544245,
    "wheat_spring": 0.4215337325343388,
    "wheat_winter": 0.3335931807201925
  },
  "anomaly_ens": {
    "barley": 0.4764026436679146,
    "corn": 0.31927713175720274,
    "cotton": 0.1444739544614254,
    "oats": 0.32733385323173747,
    "sorghum": 0.28969812943479456,
    "soybeans": 0.4004810168032137,
    "wheat_spring": 0.4280321918620703,
    "wheat_winter": 0.335258240618897
  },
  "levels_decomp": {
    "barley": 0.8082302530439578,
    "corn": 0.454910105860991,
    "cotton": 0.3185892292084951,
    "oats": 0.5022899087355803,
    "sorghum": 0.5095010269418341,
    "soybeans": 0.6984272880118427,
    "wheat_spring": 0.7798189729903698,
    "wheat_winter": 0.7712572802084092
  }
}